﻿<?xml version="1.0" encoding="UTF-8"?>
<site generator-info-name="WebGrab+Plus/w MDB &amp; REX Postprocess -- version V1.56.15 -- Jan van Straaten" site="cabovisao.pt">
  <channels>
    <channel update="i" site="cabovisao.pt" site_id="rtp_1_thumb" xmltv_id="RTP 1">RTP 1</channel>
    <channel update="i" site="cabovisao.pt" site_id="rtp_2_thumb" xmltv_id="RTP 2">RTP 2</channel>
    <channel update="i" site="cabovisao.pt" site_id="sic_thumb" xmltv_id="SIC">SIC</channel>
    <channel update="i" site="cabovisao.pt" site_id="tvi_thumb" xmltv_id="TVI">TVI</channel>
    <channel update="i" site="cabovisao.pt" site_id="rtp_3_thumb" xmltv_id="RTP 3">RTP 3</channel>
    <channel update="i" site="cabovisao.pt" site_id="sic_noticias_thumb" xmltv_id="SIC NOTICIAS">SIC NOTICIAS</channel>
    <channel update="i" site="cabovisao.pt" site_id="tvi_24_thumb" xmltv_id="TVI 24">TVI 24</channel>
    <channel update="i" site="cabovisao.pt" site_id="sic_mulher1_thumb" xmltv_id="SIC MULHER1">SIC MULHER1</channel>
    <channel update="i" site="cabovisao.pt" site_id="sic_radical_thumb" xmltv_id="SIC RADICAL">SIC RADICAL</channel>
    <channel update="i" site="cabovisao.pt" site_id="rtp_africa_thumb" xmltv_id="RTP AFRICA">RTP AFRICA</channel>
    <channel update="i" site="cabovisao.pt" site_id="rtp_memoria2_thumb" xmltv_id="RTP MEMORIA2">RTP MEMORIA2</channel>
    <channel update="i" site="cabovisao.pt" site_id="canal_v_thumb" xmltv_id="CANAL V">CANAL V</channel>
    <channel update="i" site="cabovisao.pt" site_id="localvisao_tv1_thumb" xmltv_id="LOCALVISAO TV1">LOCALVISAO TV1</channel>
    <channel update="i" site="cabovisao.pt" site_id="mvm_thumb" xmltv_id="MVM">MVM</channel>
    <channel update="i" site="cabovisao.pt" site_id="regioes-tv_thumb" xmltv_id="REGIOES-TV">REGIOES-TV</channel>
    <channel update="i" site="cabovisao.pt" site_id="discovery_chanel_thumb" xmltv_id="DISCOVERY CHANEL">DISCOVERY CHANEL</channel>
    <channel update="i" site="cabovisao.pt" site_id="odisseia_thumb" xmltv_id="ODISSEIA">ODISSEIA</channel>
    <channel update="i" site="cabovisao.pt" site_id="historia_thumb" xmltv_id="HISTORIA">HISTORIA</channel>
    <channel update="i" site="cabovisao.pt" site_id="national_geografhic_channel_thumb" xmltv_id="NATIONAL GEOGRAFHIC CHANNEL">NATIONAL GEOGRAFHIC CHANNEL</channel>
    <channel update="i" site="cabovisao.pt" site_id="nat_geo_wild_thumb" xmltv_id="NAT GEO WILD">NAT GEO WILD</channel>
    <channel update="i" site="cabovisao.pt" site_id="rtp_acores_thumb" xmltv_id="RTP ACORES">RTP ACORES</channel>
    <channel update="i" site="cabovisao.pt" site_id="a&amp;e_pagina_canais_e_guia_tv_thumb" xmltv_id="A&amp;E PAGINA CANAIS E GUIA TV">A&amp;E PAGINA CANAIS E GUIA TV</channel>
    <channel update="i" site="cabovisao.pt" site_id="axn1_thumb" xmltv_id="AXN1">AXN1</channel>
    <channel update="i" site="cabovisao.pt" site_id="fox_thumb" xmltv_id="FOX">FOX</channel>
    <channel update="i" site="cabovisao.pt" site_id="fox_crime_thumb" xmltv_id="FOX CRIME">FOX CRIME</channel>
    <channel update="i" site="cabovisao.pt" site_id="fox_comedy_guia_tv_thumb" xmltv_id="FOX COMEDY GUIA TV">FOX COMEDY GUIA TV</channel>
    <channel update="i" site="cabovisao.pt" site_id="fox_movies_thumb" xmltv_id="FOX MOVIES">FOX MOVIES</channel>
    <channel update="i" site="cabovisao.pt" site_id="fox_life1_thumb" xmltv_id="FOX LIFE1">FOX LIFE1</channel>
    <channel update="i" site="cabovisao.pt" site_id="axn_white1_thumb" xmltv_id="AXN WHITE1">AXN WHITE1</channel>
    <channel update="i" site="cabovisao.pt" site_id="canal_hollywood_thumb" xmltv_id="CANAL HOLLYWOOD">CANAL HOLLYWOOD</channel>
    <channel update="i" site="cabovisao.pt" site_id="amc_thumb" xmltv_id="AMC">AMC</channel>
    <channel update="i" site="cabovisao.pt" site_id="mov1_thumb" xmltv_id="MOV1">MOV1</channel>
    <channel update="i" site="cabovisao.pt" site_id="axn_black1_thumb" xmltv_id="AXN BLACK1">AXN BLACK1</channel>
    <channel update="i" site="cabovisao.pt" site_id="tvc_1_hd_thumb" xmltv_id="TVC 1 HD">TVC 1 HD</channel>
    <channel update="i" site="cabovisao.pt" site_id="tvc_2_hd_thumb" xmltv_id="TVC 2 HD">TVC 2 HD</channel>
    <channel update="i" site="cabovisao.pt" site_id="tvc_3_thumb" xmltv_id="TVC 3">TVC 3</channel>
    <channel update="i" site="cabovisao.pt" site_id="tvc_4_thumb" xmltv_id="TVC 4">TVC 4</channel>
    <channel update="i" site="cabovisao.pt" site_id="tvseries_hd1_thumb" xmltv_id="TVSERIES HD1">TVSERIES HD1</channel>
    <channel update="i" site="cabovisao.pt" site_id="cartoon_network_thumb" xmltv_id="CARTOON NETWORK">CARTOON NETWORK</channel>
    <channel update="i" site="cabovisao.pt" site_id="disney_junior1_thumb" xmltv_id="DISNEY JUNIOR1">DISNEY JUNIOR1</channel>
    <channel update="i" site="cabovisao.pt" site_id="baby_tv_thumb" xmltv_id="BABY TV">BABY TV</channel>
    <channel update="i" site="cabovisao.pt" site_id="jim_jam_thumb" xmltv_id="JIM JAM">JIM JAM</channel>
    <channel update="i" site="cabovisao.pt" site_id="disney_channel2_thumb" xmltv_id="DISNEY CHANNEL2">DISNEY CHANNEL2</channel>
    <channel update="i" site="cabovisao.pt" site_id="canal_panda1_thumb" xmltv_id="CANAL PANDA1">CANAL PANDA1</channel>
    <channel update="i" site="cabovisao.pt" site_id="biggs_thumb" xmltv_id="BIGGS">BIGGS</channel>
    <channel update="i" site="cabovisao.pt" site_id="sport_tv11_thumb" xmltv_id="SPORT TV11">SPORT TV11</channel>
    <channel update="i" site="cabovisao.pt" site_id="sport_tv21_thumb" xmltv_id="SPORT TV21">SPORT TV21</channel>
    <channel update="i" site="cabovisao.pt" site_id="sport_tv31_thumb" xmltv_id="SPORT TV31">SPORT TV31</channel>
    <channel update="i" site="cabovisao.pt" site_id="sport_tv41_thumb" xmltv_id="SPORT TV41">SPORT TV41</channel>
    <channel update="i" site="cabovisao.pt" site_id="sport_tv_5_thumb" xmltv_id="SPORT TV 5">SPORT TV 5</channel>
    <channel update="i" site="cabovisao.pt" site_id="eurosport_1_thumb" xmltv_id="EUROSPORT 1">EUROSPORT 1</channel>
    <channel update="i" site="cabovisao.pt" site_id="eurosport_21_thumb" xmltv_id="EUROSPORT 21">EUROSPORT 21</channel>
    <channel update="i" site="cabovisao.pt" site_id="eurosport_news1_thumb" xmltv_id="EUROSPORT NEWS1">EUROSPORT NEWS1</channel>
    <channel update="i" site="cabovisao.pt" site_id="benfica_tv_thumb" xmltv_id="BENFICA TV">BENFICA TV</channel>
    <channel update="i" site="cabovisao.pt" site_id="benfica_tv_canais_thumb" xmltv_id="BENFICA TV CANAIS">BENFICA TV CANAIS</channel>
    <channel update="i" site="cabovisao.pt" site_id="motors_tv_thumb" xmltv_id="MOTORS TV">MOTORS TV</channel>
    <channel update="i" site="cabovisao.pt" site_id="pfc_thumb" xmltv_id="PFC">PFC</channel>
    <channel update="i" site="cabovisao.pt" site_id="mcs_extreme1_thumb" xmltv_id="MCS EXTREME1">MCS EXTREME1</channel>
    <channel update="i" site="cabovisao.pt" site_id="mcs_bien_etre1_thumb" xmltv_id="MCS BIEN ETRE1">MCS BIEN ETRE1</channel>
    <channel update="i" site="cabovisao.pt" site_id="mtv_thumb" xmltv_id="MTV">MTV</channel>
    <channel update="i" site="cabovisao.pt" site_id="vh12_thumb" xmltv_id="VH12">VH12</channel>
    <channel update="i" site="cabovisao.pt" site_id="mcm_top_thumb" xmltv_id="MCM TOP">MCM TOP</channel>
    <channel update="i" site="cabovisao.pt" site_id="mcm_pop_thumb" xmltv_id="MCM POP">MCM POP</channel>
    <channel update="i" site="cabovisao.pt" site_id="trace_urban_thumb" xmltv_id="TRACE URBAN">TRACE URBAN</channel>
    <channel update="i" site="cabovisao.pt" site_id="afro_music1_thumb" xmltv_id="AFRO MUSIC1">AFRO MUSIC1</channel>
    <channel update="i" site="cabovisao.pt" site_id="mezzo1_thumb" xmltv_id="MEZZO1">MEZZO1</channel>
    <channel update="i" site="cabovisao.pt" site_id="music_tv_thumb" xmltv_id="MUSIC TV">MUSIC TV</channel>
    <channel update="i" site="cabovisao.pt" site_id="vh1_classic_thumb" xmltv_id="VH1 CLASSIC">VH1 CLASSIC</channel>
    <channel update="i" site="cabovisao.pt" site_id="mtv_music1_thumb" xmltv_id="MTV MUSIC1">MTV MUSIC1</channel>
    <channel update="i" site="cabovisao.pt" site_id="24_kitchen_thumb" xmltv_id="24 KITCHEN">24 KITCHEN</channel>
    <channel update="i" site="cabovisao.pt" site_id="tlc_thumb" xmltv_id="TLC">TLC</channel>
    <channel update="i" site="cabovisao.pt" site_id="e_thumb" xmltv_id="E">E</channel>
    <channel update="i" site="cabovisao.pt" site_id="arte_v2_thumb" xmltv_id="ARTE V2">ARTE V2</channel>
    <channel update="i" site="cabovisao.pt" site_id="cbs_reality_thumb" xmltv_id="CBS REALITY">CBS REALITY</channel>
    <channel update="i" site="cabovisao.pt" site_id="mas_chic_thumb" xmltv_id="MAS CHIC">MAS CHIC</channel>
    <channel update="i" site="cabovisao.pt" site_id="fashion_tv4_thumb" xmltv_id="FASHION TV4">FASHION TV4</channel>
    <channel update="i" site="cabovisao.pt" site_id="sat_1_v2_thumb" xmltv_id="SAT 1 V2">SAT 1 V2</channel>
    <channel update="i" site="cabovisao.pt" site_id="cnn_thumb" xmltv_id="CNN">CNN</channel>
    <channel update="i" site="cabovisao.pt" site_id="sky_news_v2_thumb" xmltv_id="SKY NEWS V2">SKY NEWS V2</channel>
    <channel update="i" site="cabovisao.pt" site_id="bbc_world-news_thumb" xmltv_id="BBC WORLD-NEWS">BBC WORLD-NEWS</channel>
    <channel update="i" site="cabovisao.pt" site_id="france_24_thumb" xmltv_id="FRANCE 24">FRANCE 24</channel>
    <channel update="i" site="cabovisao.pt" site_id="aljazeera_thumb" xmltv_id="ALJAZEERA">ALJAZEERA</channel>
    <channel update="i" site="cabovisao.pt" site_id="bloomberg_thumb" xmltv_id="BLOOMBERG">BLOOMBERG</channel>
    <channel update="i" site="cabovisao.pt" site_id="record_news_thumb" xmltv_id="RECORD NEWS">RECORD NEWS</channel>
    <channel update="i" site="cabovisao.pt" site_id="tvglobo-premium_thumb" xmltv_id="TVGLOBO-PREMIUM">TVGLOBO-PREMIUM</channel>
    <channel update="i" site="cabovisao.pt" site_id="tv_record_thumb" xmltv_id="TV RECORD">TV RECORD</channel>
    <channel update="i" site="cabovisao.pt" site_id="tve_thumb" xmltv_id="TVE">TVE</channel>
    <channel update="i" site="cabovisao.pt" site_id="television_de_galicia_thumb" xmltv_id="TELEVISION DE GALICIA">TELEVISION DE GALICIA</channel>
    <channel update="i" site="cabovisao.pt" site_id="andalucia_v2_thumb" xmltv_id="ANDALUCIA V2">ANDALUCIA V2</channel>
    <channel update="i" site="cabovisao.pt" site_id="rai_1_thumb" xmltv_id="RAI 1">RAI 1</channel>
    <channel update="i" site="cabovisao.pt" site_id="bbc_entertainment_thumb" xmltv_id="BBC ENTERTAINMENT">BBC ENTERTAINMENT</channel>
    <channel update="i" site="cabovisao.pt" site_id="tv5_monde_thumb" xmltv_id="TV5 MONDE">TV5 MONDE</channel>
    <channel update="i" site="cabovisao.pt" site_id="m6_thumb" xmltv_id="M6">M6</channel>
    <channel update="i" site="cabovisao.pt" site_id="telesur_thumb" xmltv_id="TELESUR">TELESUR</channel>
    <channel update="i" site="cabovisao.pt" site_id="dw_thumb" xmltv_id="DW">DW</channel>
    <channel update="i" site="cabovisao.pt" site_id="tcv_internacional_pagina_canais_thumb" xmltv_id="TCV INTERNACIONAL PAGINA CANAIS">TCV INTERNACIONAL PAGINA CANAIS</channel>
    <channel update="i" site="cabovisao.pt" site_id="inter_tv_thumb" xmltv_id="INTER TV">INTER TV</channel>
    <channel update="i" site="cabovisao.pt" site_id="artv_thumb" xmltv_id="ARTV">ARTV</channel>
    <channel update="i" site="cabovisao.pt" site_id="cancao_nova_thumb" xmltv_id="CANCAO NOVA">CANCAO NOVA</channel>
    <channel update="i" site="cabovisao.pt" site_id="rit_thumb" xmltv_id="RIT">RIT</channel>
    <channel update="i" site="cabovisao.pt" site_id="rtp_-_hd1_thumb" xmltv_id="RTP - HD1">RTP - HD1</channel>
    <channel update="i" site="cabovisao.pt" site_id="sport_tv_1_hd2_thumb" xmltv_id="SPORT TV 1 HD2">SPORT TV 1 HD2</channel>
    <channel update="i" site="cabovisao.pt" site_id="sport_tv_2_hd2_thumb" xmltv_id="SPORT TV 2 HD2">SPORT TV 2 HD2</channel>
    <channel update="i" site="cabovisao.pt" site_id="sport_tv_3_hd2_thumb" xmltv_id="SPORT TV 3 HD2">SPORT TV 3 HD2</channel>
    <channel update="i" site="cabovisao.pt" site_id="sport_tv_4_hd_thumb" xmltv_id="SPORT TV 4 HD">SPORT TV 4 HD</channel>
    <channel update="i" site="cabovisao.pt" site_id="sport_tv_5hd_thumb" xmltv_id="SPORT TV 5HD">SPORT TV 5HD</channel>
    <channel update="i" site="cabovisao.pt" site_id="eurosport_hd1_thumb" xmltv_id="EUROSPORT HD1">EUROSPORT HD1</channel>
    <channel update="i" site="cabovisao.pt" site_id="national_geographic_channel_hd1_thumb" xmltv_id="NATIONAL GEOGRAPHIC CHANNEL HD1">NATIONAL GEOGRAPHIC CHANNEL HD1</channel>
    <channel update="i" site="cabovisao.pt" site_id="discovery-hd-showcase_thumb" xmltv_id="DISCOVERY-HD-SHOWCASE">DISCOVERY-HD-SHOWCASE</channel>
    <channel update="i" site="cabovisao.pt" site_id="luxe_tv_hd_thumb" xmltv_id="LUXE TV HD">LUXE TV HD</channel>
    <channel update="i" site="cabovisao.pt" site_id="myzen_tv_hd_thumb" xmltv_id="MYZEN TV HD">MYZEN TV HD</channel>
    <channel update="i" site="cabovisao.pt" site_id="fox-hd_thumb" xmltv_id="FOX-HD">FOX-HD</channel>
    <channel update="i" site="cabovisao.pt" site_id="axn_hd_thumb" xmltv_id="AXN HD">AXN HD</channel>
    <channel update="i" site="cabovisao.pt" site_id="iconcerts_hd_thumb" xmltv_id="ICONCERTS HD">ICONCERTS HD</channel>
  </channels>
</site>